date,energy_consumption_kwh,cost_usd,temperature_f,humidity_percent,occupancy,production_output_units,equipment_efficiency_percent
2023-01-01,668.36,94.07,57.0,38,91,570,90.1
2023-01-02,645.05,84.24,55.6,45,312,642,85.7
2023-01-03,645.3,78.71,58.5,35,432,544,94.6
2023-01-04,680.95,84.98,61.6,49,498,548,91.1
2023-01-05,779.66,93.02,56.9,46,275,566,87.7
2023-01-06,707.4,76.86,57.4,45,350,598,96.4
2023-01-07,618.65,73.3,63.3,49,186,619,96.2
2023-01-08,595.61,74.59,61.4,53,107,651,91.8
2023-01-09,713.41,84.7,58.2,50,389,613,89.2
2023-01-10,646.72,82.79,61.8,36,433,579,93.9
2023-01-11,742.04,86.13,59.3,39,404,583,89.0
2023-01-12,736.58,85.98,59.8,42,297,589,88.3
2023-01-13,743.09,95.35,62.4,46,339,642,95.2
2023-01-14,665.39,81.32,56.4,48,145,563,85.6
2023-01-15,739.95,85.75,57.5,42,156,601,86.3
2023-01-16,614.7,80.12,61.5,47,251,558,85.1
2023-01-17,803.11,90.84,60.6,43,440,605,87.1
2023-01-18,744.79,83.96,65.1,44,259,607,86.0
2023-01-19,647.21,59.35,61.9,40,436,471,98.9
2023-01-20,663.81,75.98,60.9,43,301,606,89.0
2023-01-21,621.88,82.76,70.0,41,164,679,87.1
2023-01-22,741.85,73.65,65.4,43,193,582,88.4
2023-01-23,620.11,68.51,66.8,53,332,580,98.1
2023-01-24,684.63,85.16,62.8,44,287,629,92.3
2023-01-25,646.9,63.11,65.9,62,326,636,90.1
2023-01-26,732.26,84.13,68.3,51,469,593,97.2
2023-01-27,757.53,99.55,65.0,50,499,526,90.5
2023-01-28,732.21,102.82,70.0,45,57,619,89.7
2023-01-29,744.69,91.52,67.6,53,104,617,87.9
2023-01-30,645.09,71.43,68.9,47,431,554,90.3
2023-01-31,619.14,68.35,68.5,51,472,554,89.4
2023-02-01,745.43,90.53,76.3,64,398,618,94.5
2023-02-02,662.01,81.3,71.1,51,348,596,89.1
2023-02-03,711.67,98.62,68.4,57,353,614,93.1
2023-02-04,583.23,75.65,74.5,48,105,535,85.9
2023-02-05,662.19,80.02,68.8,52,105,597,87.7
2023-02-06,632.4,73.77,73.5,61,405,552,90.7
2023-02-07,787.15,118.19,67.4,49,339,660,98.1
2023-02-08,646.87,81.68,69.7,62,449,540,90.3
2023-02-09,702.27,79.58,74.7,57,273,598,94.3
2023-02-10,630.5,74.24,76.7,51,397,484,88.6
2023-02-11,705.32,78.45,75.4,57,82,577,86.8
2023-02-12,645.95,61.98,74.9,59,149,600,85.8
2023-02-13,772.96,95.17,74.7,58,266,571,89.3
2023-02-14,804.35,110.86,71.5,47,395,619,87.2
2023-02-15,674.6,69.95,74.2,52,390,463,87.4
2023-02-16,762.78,91.96,75.3,54,390,550,95.7
2023-02-17,795.03,89.78,80.2,56,401,576,85.2
2023-02-18,753.27,94.32,78.4,59,94,619,92.8
2023-02-19,755.13,89.31,72.5,57,70,632,90.3
2023-02-20,670.96,71.39,79.1,50,317,579,92.1
2023-02-21,690.19,76.05,77.3,59,456,570,92.9
2023-02-22,647.5,72.32,76.7,61,375,553,89.4
2023-02-23,636.89,84.99,80.9,61,269,604,89.1
2023-02-24,822.92,109.39,82.4,64,265,653,95.3
2023-02-25,656.85,76.78,82.4,63,157,559,97.2
2023-02-26,747.04,98.82,77.4,61,80,677,87.7
2023-02-27,734.8,86.9,79.3,59,427,704,86.4
2023-02-28,763.35,89.11,81.5,51,447,556,97.6
2023-03-01,344.78,41.57,83.7,62,379,477,89.9
2023-03-02,339.04,41.65,79.6,61,360,603,92.7
2023-03-03,247.84,28.36,80.7,62,287,426,90.0
2023-03-04,220.24,26.48,78.2,55,127,407,86.8
2023-03-05,216.31,27.66,78.2,56,90,397,93.3
2023-03-06,339.75,41.21,84.4,67,272,473,92.4
2023-03-07,397.03,47.81,86.3,62,305,510,87.8
2023-03-08,317.48,39.67,82.2,66,400,378,91.3
2023-03-09,218.95,27.73,85.6,63,434,399,96.2
2023-03-10,273.87,32.69,83.9,63,500,309,93.3
2023-03-11,330.35,38.08,81.1,68,69,435,86.4
2023-03-12,356.38,43.44,84.3,61,112,410,92.7
2023-03-13,221.11,23.01,88.0,65,355,418,94.8
2023-03-14,194.61,22.94,83.4,62,409,308,96.1
2023-03-15,330.09,31.45,88.4,63,446,419,93.8
2023-03-16,279.11,28.82,76.0,64,280,473,87.1
2023-03-17,285.73,29.07,86.4,67,352,394,94.9
2023-03-18,205.98,26.87,84.4,63,120,300,94.5
2023-03-19,328.96,39.52,83.3,72,195,458,85.3
2023-03-20,344.39,36.98,84.6,62,393,421,90.8
2023-03-21,396.67,49.55,78.5,66,397,462,89.7
2023-03-22,292.68,38.02,83.9,65,296,394,94.4
2023-03-23,275.06,34.41,85.7,75,341,522,88.0
2023-03-24,203.89,24.08,89.1,69,334,317,93.3
2023-03-25,334.25,40.89,83.2,73,128,588,97.8
2023-03-26,295.98,38.19,82.4,61,196,412,96.2
2023-03-27,328.58,37.89,83.4,70,458,454,97.9
2023-03-28,248.68,29.92,87.7,73,318,384,98.7
2023-03-29,246.03,28.89,85.9,70,380,381,85.1
2023-03-30,226.65,23.54,83.4,75,325,364,93.7
2023-03-31,268.92,34.74,86.5,67,485,451,90.8
2023-04-01,182.9,25.71,85.3,77,90,316,97.0
2023-04-02,217.84,24.24,87.9,82,53,418,88.5
2023-04-03,398.53,51.66,82.9,69,468,363,98.7
2023-04-04,301.85,33.68,84.0,69,460,447,93.6
2023-04-05,263.94,32.02,83.8,79,297,461,96.1
2023-04-06,373.74,50.48,80.5,80,451,399,86.2
2023-04-07,403.8,46.35,85.7,69,365,509,87.6
2023-04-08,333.79,40.01,85.6,70,50,449,95.6
2023-04-09,376.83,38.43,84.7,71,95,544,85.3
2023-04-10,278.39,31.56,84.0,66,270,382,96.4
2023-04-11,247.31,24.96,80.3,68,432,553,85.2
2023-04-12,244.25,30.36,83.2,68,374,291,94.2
2023-04-13,328.44,42.14,83.4,70,359,428,90.1
2023-04-14,358.63,42.24,81.9,74,432,372,93.6
2023-04-15,291.75,35.84,83.7,75,167,522,94.7
2023-04-16,241.69,28.22,85.3,82,167,397,89.8
2023-04-17,337.08,42.95,89.6,69,403,439,86.5
2023-04-18,234.68,28.47,84.3,80,284,429,86.0
2023-04-19,306.77,30.72,84.4,74,438,436,93.2
2023-04-20,338.15,43.76,83.2,75,414,419,92.3
2023-04-21,375.95,43.65,77.5,79,489,401,95.4
2023-04-22,332.28,35.65,83.0,70,87,454,92.1
2023-04-23,407.48,47.11,83.1,78,123,495,90.9
2023-04-24,295.16,29.81,90.1,77,321,466,90.6
2023-04-25,374.13,40.22,82.0,79,315,558,85.4
2023-04-26,297.26,36.1,83.2,78,312,323,89.7
2023-04-27,251.43,30.74,82.0,89,477,410,98.7
2023-04-28,191.96,23.62,78.4,74,312,449,97.2
2023-04-29,229.44,27.54,85.1,74,168,399,89.6
2023-04-30,293.97,33.24,83.7,74,199,314,93.2
2023-05-01,345.42,41.26,83.5,75,362,387,96.9
2023-05-02,355.31,41.08,78.2,74,444,472,91.2
2023-05-03,210.6,21.85,84.8,84,266,412,85.3
2023-05-04,225.13,25.28,76.2,85,372,437,86.0
2023-05-05,392.24,50.56,81.8,75,258,431,92.1
2023-05-06,232.97,31.66,86.4,74,79,419,98.6
2023-05-07,315.05,39.86,76.5,81,71,392,94.7
2023-05-08,317.35,42.98,77.5,76,285,453,86.0
2023-05-09,347.3,41.97,79.2,82,383,455,87.7
2023-05-10,223.46,30.71,77.1,80,353,361,95.8
2023-05-11,206.16,28.97,73.6,71,337,473,96.8
2023-05-12,191.24,19.63,78.1,87,475,304,93.6
2023-05-13,312.59,38.2,74.4,88,145,431,94.0
2023-05-14,302.68,36.58,78.7,76,108,392,85.4
2023-05-15,268.41,31.07,74.1,77,491,512,96.6
2023-05-16,338.75,42.32,81.2,81,390,478,96.0
2023-05-17,342.85,41.28,73.8,81,484,418,88.6
2023-05-18,213.08,24.0,74.8,83,263,384,94.9
2023-05-19,314.83,37.7,77.9,90,355,532,88.0
2023-05-20,369.02,48.73,71.3,79,120,413,85.6
2023-05-21,269.13,32.79,75.3,76,184,332,87.8
2023-05-22,279.25,35.26,78.2,73,495,439,87.5
2023-05-23,325.5,38.16,69.0,76,314,459,89.7
2023-05-24,389.42,48.49,74.0,80,414,502,90.9
2023-05-25,388.47,41.92,73.8,89,300,502,92.1
2023-05-26,291.93,33.57,75.0,77,391,518,91.7
2023-05-27,339.64,40.41,68.5,81,117,363,88.8
2023-05-28,257.86,27.65,67.8,80,70,356,85.4
2023-05-29,337.79,37.73,72.9,86,402,481,93.5
2023-05-30,319.53,39.34,71.8,90,337,386,90.5
2023-05-31,227.44,27.59,71.2,77,279,331,89.2
2023-06-01,293.98,37.65,71.1,78,288,524,97.1
2023-06-02,304.58,34.72,67.5,85,306,354,95.5
2023-06-03,290.3,35.0,69.8,83,61,412,97.0
2023-06-04,393.48,44.57,69.6,89,91,467,91.9
2023-06-05,214.7,27.28,66.1,83,390,464,86.8
2023-06-06,259.46,34.22,73.3,78,381,323,94.7
2023-06-07,187.19,23.37,68.7,83,279,409,87.9
2023-06-08,365.94,47.8,63.2,85,465,415,91.2
2023-06-09,325.89,39.21,68.3,84,431,475,85.9
2023-06-10,310.33,39.74,62.9,82,75,392,96.6
2023-06-11,347.13,41.92,67.7,85,117,531,86.8
2023-06-12,269.5,29.58,68.4,85,386,376,97.6
2023-06-13,340.37,41.68,61.9,86,270,326,97.1
2023-06-14,290.8,32.0,66.8,83,365,390,91.5
2023-06-15,279.52,40.08,64.6,79,371,412,95.4
2023-06-16,410.74,47.92,65.4,80,291,531,93.7
2023-06-17,254.79,32.22,68.1,85,178,352,96.2
2023-06-18,209.89,25.16,61.2,75,86,335,91.0
2023-06-19,356.8,38.41,59.1,81,417,504,96.0
2023-06-20,396.68,40.07,58.2,77,366,403,91.5
2023-06-21,292.71,37.32,57.9,79,353,421,98.2
2023-06-22,202.31,27.41,59.7,85,413,386,91.8
2023-06-23,277.05,31.21,60.4,79,386,435,91.5
2023-06-24,308.39,31.9,59.7,79,197,399,96.0
2023-06-25,195.27,22.8,60.8,71,135,345,96.5
2023-06-26,374.19,41.4,57.9,82,452,479,92.8
2023-06-27,427.19,48.48,61.7,81,365,439,87.5
2023-06-28,283.72,35.78,56.0,89,263,359,91.5
2023-06-29,251.14,30.01,64.5,76,447,475,98.6
2023-06-30,288.59,32.24,57.7,79,300,453,95.5
2023-07-01,690.67,86.94,52.7,79,197,678,96.4
2023-07-02,663.18,84.0,51.5,85,79,618,85.5
2023-07-03,765.16,89.24,55.7,76,333,556,91.6
2023-07-04,677.57,82.24,53.0,78,439,589,94.1
2023-07-05,690.72,86.48,55.3,80,380,539,96.6
2023-07-06,659.37,81.93,54.1,77,301,494,85.7
2023-07-07,607.29,73.12,51.9,74,469,534,96.9
2023-07-08,679.53,91.28,49.1,77,197,634,92.7
2023-07-09,704.7,88.67,46.6,81,164,609,87.8
2023-07-10,799.39,92.32,49.3,70,310,563,89.4
2023-07-11,591.86,68.39,52.7,76,363,526,88.9
2023-07-12,649.44,74.31,50.2,72,496,566,92.4
2023-07-13,722.38,91.25,45.4,81,443,518,85.7
2023-07-14,641.73,73.01,49.1,67,257,605,87.2
2023-07-15,658.32,76.2,49.2,72,150,565,96.4
2023-07-16,811.77,106.0,44.9,76,74,568,86.9
2023-07-17,617.88,75.33,47.6,82,477,488,88.3
2023-07-18,584.69,77.17,46.8,73,385,602,91.3
2023-07-19,689.35,88.22,42.7,71,374,570,92.2
2023-07-20,622.35,67.36,46.7,83,276,622,95.7
2023-07-21,729.77,86.83,46.8,66,414,684,91.3
2023-07-22,719.98,93.53,47.9,62,104,652,96.1
2023-07-23,628.94,67.79,47.3,75,189,538,93.7
2023-07-24,676.8,84.06,39.5,70,444,459,86.6
2023-07-25,697.15,83.38,40.4,67,491,608,87.2
2023-07-26,663.19,67.95,44.3,75,301,683,91.1
2023-07-27,733.92,88.95,43.8,72,381,605,90.6
2023-07-28,639.07,71.34,43.3,68,322,469,95.4
2023-07-29,697.74,75.58,52.9,64,159,558,93.1
2023-07-30,617.13,74.11,42.6,75,64,551,90.4
2023-07-31,703.41,70.83,43.8,73,409,540,87.4
2023-08-01,636.2,90.0625,42.8,69,449,439,88.2
2023-08-02,778.07,141.525,41.5,79,349,619,93.1
2023-08-03,559.7,88.5,38.1,64,479,498,90.9
2023-08-04,673.04,93.5375,40.9,61,383,671,92.2
2023-08-05,682.39,114.3375,35.9,65,93,591,87.4
2023-08-06,758.22,104.32499999999999,37.1,68,110,640,94.3
2023-08-07,717.55,102.6625,35.9,69,448,594,96.9
2023-08-08,706.98,95.9,37.2,66,329,601,88.6
2023-08-09,1200.0,183.83749999999998,43.5,69,464,710,91.9
2023-08-10,778.8,130.1375,30.5,61,477,573,98.7
2023-08-11,662.79,91.13749999999999,37.8,74,319,633,89.7
2023-08-12,696.57,86.55,30.5,66,109,602,93.3
2023-08-13,759.22,124.2375,33.5,72,163,597,86.3
2023-08-14,813.32,137.79999999999998,37.8,67,301,663,93.5
2023-08-15,769.03,96.175,34.4,68,296,646,86.3
2023-08-16,674.9,105.11250000000001,30.6,68,473,683,98.4
2023-08-17,684.5,104.6125,31.3,67,414,595,95.0
2023-08-18,670.84,94.025,35.2,67,288,528,96.0
2023-08-19,711.73,94.35000000000001,30.6,71,88,592,94.9
2023-08-20,714.86,116.0875,33.1,65,135,629,93.3
2023-08-21,684.42,104.2,32.2,67,271,637,91.3
2023-08-22,763.64,116.975,29.8,62,471,538,97.0
2023-08-23,658.91,93.7125,37.9,70,451,589,98.4
2023-08-24,768.64,107.58749999999999,33.0,59,376,576,92.0
2023-08-25,715.79,85.39999999999999,24.7,71,492,571,98.0
2023-08-26,682.01,100.36250000000001,31.1,61,65,628,93.2
2023-08-27,708.67,119.05,28.2,54,126,634,92.5
2023-08-28,726.25,100.85000000000001,32.5,62,417,570,91.4
2023-08-29,604.22,79.1375,27.3,57,409,547,87.9
2023-08-30,583.96,90.775,29.0,64,291,520,85.1
2023-08-31,776.45,122.4875,30.6,57,470,768,88.4
2023-09-01,355.37,40.56,31.4,57,357,469,92.1
2023-09-02,307.05,35.78,25.0,50,92,394,90.3
2023-09-03,358.47,43.96,27.4,57,193,523,91.3
2023-09-04,391.61,46.38,26.7,46,390,538,98.7
2023-09-05,192.55,25.03,25.9,50,382,480,89.9
2023-09-06,402.75,58.15,33.0,62,430,579,91.3
2023-09-07,234.91,24.17,28.7,61,473,442,86.9
2023-09-08,331.91,43.91,23.5,59,270,428,85.7
2023-09-09,262.52,31.78,29.8,52,92,408,95.9
2023-09-10,245.6,32.88,33.3,56,103,397,93.0
2023-09-11,281.99,35.88,29.8,56,465,406,95.6
2023-09-12,345.08,41.62,22.0,50,455,513,87.1
2023-09-13,334.41,42.67,24.9,63,385,447,93.0
2023-09-14,210.97,24.48,30.0,59,428,446,88.6
2023-09-15,329.4,36.98,24.0,54,329,479,88.2
2023-09-16,366.32,46.93,27.3,55,121,405,85.2
2023-09-17,280.89,31.34,28.2,55,125,340,86.8
2023-09-18,254.3,32.15,22.9,44,365,353,89.3
2023-09-19,294.11,35.38,25.4,52,339,409,86.6
2023-09-20,191.15,18.49,15.8,50,374,396,98.8
2023-09-21,370.51,42.33,22.3,48,457,429,89.3
2023-09-22,396.18,48.87,24.6,51,334,507,86.8
2023-09-23,326.98,37.91,21.5,61,81,417,87.8
2023-09-24,290.17,27.43,30.1,55,61,442,93.2
2023-09-25,357.5,47.62,20.9,49,456,462,85.9
2023-09-26,327.31,39.83,23.8,54,275,531,97.1
2023-09-27,372.32,46.33,25.5,58,310,413,98.5
2023-09-28,308.7,35.58,29.4,55,285,547,88.5
2023-09-29,364.94,45.73,20.7,51,337,429,91.3
2023-09-30,300.75,41.61,28.5,47,175,366,85.3
2023-10-01,270.67,30.49,25.0,53,100,410,94.0
2023-10-02,397.44,54.32,22.1,51,413,634,90.8
2023-10-03,316.19,39.2,26.4,54,405,484,88.8
2023-10-04,298.92,33.27,25.6,52,338,463,87.9
2023-10-05,267.48,38.02,23.3,54,460,460,94.2
2023-10-06,338.41,41.93,25.3,46,368,410,90.8
2023-10-07,300.88,38.14,24.0,55,131,450,87.5
2023-10-08,206.68,24.24,25.6,49,92,396,94.6
2023-10-09,210.43,23.58,27.3,58,282,488,92.9
2023-10-10,314.05,38.21,30.1,44,419,433,97.0
2023-10-11,356.66,48.44,21.8,56,331,437,86.6
2023-10-12,299.53,35.02,32.0,48,422,375,96.0
2023-10-13,206.54,24.73,19.8,43,267,403,94.4
2023-10-14,326.1,43.88,25.3,44,112,458,86.6
2023-10-15,210.55,24.63,27.7,44,128,337,94.7
2023-10-16,302.57,37.85,26.9,48,307,457,91.2
2023-10-17,442.01,56.92,24.3,48,459,502,98.2
2023-10-18,272.07,32.11,25.7,42,320,473,87.0
2023-10-19,204.28,25.15,25.0,45,411,455,94.0
2023-10-20,305.68,38.7,24.9,55,424,440,90.3
2023-10-21,206.17,23.91,29.4,53,85,344,98.4
2023-10-22,594.0,76.13,28.1,46,50,509,89.6
2023-10-23,305.45,34.98,25.1,44,303,523,98.5
2023-10-24,320.74,36.32,30.1,44,258,450,97.6
2023-10-25,270.44,28.32,28.5,47,326,509,88.8
2023-10-26,347.92,40.0,30.2,38,413,477,96.2
2023-10-27,259.9,29.07,29.9,42,485,455,98.9
2023-10-28,299.75,34.77,25.8,35,177,480,88.5
2023-10-29,217.4,27.42,26.8,45,113,339,91.1
2023-10-30,241.16,24.78,31.0,46,447,425,92.3
2023-10-31,296.21,29.7,30.8,40,416,370,89.1
2023-11-01,326.69,36.76,29.2,50,315,429,85.2
2023-11-02,366.19,45.63,29.9,36,477,492,88.1
2023-11-03,311.02,38.22,33.6,35,418,386,88.9
2023-11-04,393.93,44.26,28.3,43,106,499,91.2
2023-11-05,180.66,23.79,32.0,47,185,310,87.4
2023-11-06,205.83,23.34,30.0,50,362,453,97.2
2023-11-07,237.66,29.62,30.3,39,365,375,94.9
2023-11-08,257.11,29.92,34.6,47,466,365,86.2
2023-11-09,308.94,34.39,34.1,41,387,365,94.1
2023-11-10,335.7,38.25,34.4,40,345,418,94.2
2023-11-11,203.98,25.97,36.2,45,149,299,98.4
2023-11-12,416.64,51.5,32.7,44,62,452,85.0
2023-11-13,366.21,47.49,35.0,33,356,515,88.5
2023-11-14,265.26,32.79,32.4,48,261,410,98.0
2023-11-15,240.53,24.99,34.6,48,435,350,98.0
2023-11-16,220.83,31.17,33.6,37,480,413,95.1
2023-11-17,258.16,31.95,34.7,42,320,423,95.7
2023-11-18,195.01,24.4,36.6,43,193,489,86.3
2023-11-19,336.59,39.12,32.7,42,56,487,92.2
2023-11-20,244.11,32.01,41.8,38,478,426,88.2
2023-11-21,268.96,29.34,32.9,37,438,466,87.5
2023-11-22,362.36,45.69,32.7,40,451,451,96.3
2023-11-23,329.04,32.64,40.2,46,255,441,86.9
2023-11-24,371.46,47.09,39.5,43,491,545,91.6
2023-11-25,216.68,23.66,39.4,38,65,318,98.1
2023-11-26,274.32,33.68,39.9,44,127,471,87.6
2023-11-27,332.39,44.4,38.4,30,457,440,98.7
2023-11-28,221.1,28.35,36.2,46,320,387,98.9
2023-11-29,209.33,27.68,39.5,31,468,369,92.8
2023-11-30,313.57,41.14,37.7,38,278,446,87.4
2023-12-01,739.07,84.81,43.1,34,426,607,89.4
2023-12-02,684.15,86.19,40.2,34,157,566,90.9
2023-12-03,721.37,74.12,38.6,46,119,566,89.3
2023-12-04,747.83,84.6,40.6,38,310,517,88.9
2023-12-05,782.23,104.76,43.3,42,253,590,98.6
2023-12-06,679.35,78.91,40.8,40,367,559,87.1
2023-12-07,636.27,64.47,40.5,43,325,575,95.3
2023-12-08,631.27,88.46,44.2,41,400,664,85.0
2023-12-09,764.01,95.98,44.6,34,171,588,93.3
2023-12-10,697.58,89.04,42.9,45,79,541,97.8
2023-12-11,756.11,83.32,43.5,38,436,580,89.0
2023-12-12,654.95,80.45,46.1,33,262,583,87.6
2023-12-13,689.22,84.48,41.5,38,476,618,94.1
2023-12-14,608.42,68.01,42.1,48,463,593,95.0
2023-12-15,806.76,95.44,44.7,45,417,677,94.6
2023-12-16,767.14,80.55,46.7,39,159,668,89.5
2023-12-17,794.94,92.64,48.8,39,134,617,88.5
2023-12-18,660.81,85.73,52.8,39,296,680,98.4
2023-12-19,693.26,78.01,51.4,51,270,573,97.9
2023-12-20,684.64,95.21,48.9,43,310,592,91.4
2023-12-21,673.52,71.15,49.8,43,449,647,96.8
2023-12-22,769.02,90.28,47.4,47,259,649,91.3
2023-12-23,779.94,88.47,50.8,43,160,513,90.9
2023-12-24,782.38,92.48,50.5,40,108,626,87.2
2023-12-25,748.93,100.14,52.9,41,464,656,91.0
2023-12-26,679.95,74.9,49.9,42,380,518,92.5
2023-12-27,659.38,76.15,54.5,42,266,614,85.3
2023-12-28,780.02,98.71,58.0,46,458,645,91.2
2023-12-29,623.86,75.44,53.6,43,400,622,95.9
2023-12-30,739.45,90.03,55.7,46,116,574,94.5
2023-12-31,752.2,83.0,57.1,42,85,664,93.9
2024-01-01,717.37,85.57,54.3,43,477,608,97.7
2024-01-02,787.11,103.36,56.7,33,417,716,85.3
2024-01-03,666.34,69.24,56.6,48,457,719,92.8
2024-01-04,670.6,75.8,57.4,45,470,658,96.0
2024-01-05,627.35,63.89,55.3,49,393,588,92.6
2024-01-06,683.82,85.73,58.2,30,126,703,89.5
2024-01-07,616.27,81.5,60.1,55,158,590,86.9
2024-01-08,661.67,78.19,63.5,44,329,532,97.4
2024-01-09,784.59,86.26,62.5,50,359,625,91.6
2024-01-10,783.36,86.36,66.6,40,443,664,97.3
2024-01-11,634.22,74.22,58.3,48,400,608,93.2
2024-01-12,696.59,81.49,63.8,40,473,535,94.4
2024-01-13,771.84,99.66,62.2,42,70,567,96.3
2024-01-14,582.41,65.99,68.7,55,180,529,94.2
2024-01-15,617.3,76.76,60.2,45,408,587,90.6
2024-01-16,624.86,73.07,60.6,47,398,596,92.2
2024-01-17,701.85,78.99,61.9,51,426,601,96.2
2024-01-18,628.13,73.3,57.8,49,309,523,90.2
2024-01-19,805.34,99.35,63.1,48,378,722,90.4
2024-01-20,690.01,89.11,62.8,49,170,535,86.3
2024-01-21,706.88,83.04,66.1,60,88,661,97.8
2024-01-22,687.46,74.22,67.1,48,372,625,86.3
2024-01-23,689.4,89.62,72.2,49,413,653,94.1
2024-01-24,740.39,82.2,69.9,54,488,587,90.8
2024-01-25,742.05,90.98,65.8,54,400,603,90.7
2024-01-26,736.03,88.14,65.3,55,436,610,94.5
2024-01-27,704.64,83.44,69.9,52,151,571,85.9
2024-01-28,771.59,88.83,64.9,44,58,633,93.3
2024-01-29,772.01,97.43,74.9,58,268,701,95.8
2024-01-30,799.96,67.34,73.4,44,314,568,96.6
2024-01-31,598.5,78.62,68.9,52,340,520,87.4
2024-02-01,594.88,65.96,65.6,47,368,513,97.6
2024-02-02,642.53,79.72,75.2,51,261,565,94.2
2024-02-03,741.12,91.57,71.2,53,100,603,97.3
2024-02-04,688.31,91.37,75.7,53,160,627,91.8
2024-02-05,708.63,86.44,67.6,54,493,598,92.6
2024-02-06,730.05,81.55,71.0,60,333,620,97.9
2024-02-07,733.23,76.22,73.3,55,371,626,97.6
2024-02-08,773.41,90.11,73.8,52,299,635,91.3
2024-02-09,686.74,68.96,72.7,58,403,623,88.8
2024-02-10,707.66,80.47,76.3,60,153,590,90.5
2024-02-11,594.67,69.62,71.6,48,100,633,90.4
2024-02-12,651.44,73.68,74.8,57,379,701,89.0
2024-02-13,643.05,77.43,76.0,58,251,606,88.8
2024-02-14,647.88,76.22,77.5,53,252,584,97.1
2024-02-15,667.81,77.95,78.5,62,305,611,86.0
2024-02-16,748.09,71.64,73.3,55,259,557,94.5
2024-02-17,626.91,67.11,72.5,57,145,573,87.4
2024-02-18,734.86,92.91,81.2,55,80,570,89.8
2024-02-19,718.43,91.99,78.7,57,451,626,85.9
2024-02-20,602.46,61.22,75.8,51,393,518,88.8
2024-02-21,683.32,76.43,83.1,50,378,569,95.8
2024-02-22,639.08,83.54,79.1,66,323,475,97.4
2024-02-23,716.5,80.84,82.6,54,483,541,88.1
2024-02-24,676.58,80.44,79.5,53,115,601,91.5
2024-02-25,649.82,87.35,85.8,48,197,530,91.6
2024-02-26,588.15,68.45,85.2,56,404,602,97.2
2024-02-27,711.64,81.81,79.5,53,278,550,95.7
2024-02-28,793.33,93.95,83.4,68,336,653,92.2
2024-02-29,707.81,98.06,82.7,65,377,558,94.4
2024-03-01,291.96,36.34,85.1,57,469,449,96.9
2024-03-02,264.17,31.75,78.4,72,111,342,85.1
2024-03-03,311.65,35.76,83.6,66,161,415,90.6
2024-03-04,159.44,19.99,84.9,60,498,335,97.7
2024-03-05,335.28,42.45,76.7,49,283,491,95.4
2024-03-06,389.78,42.59,78.7,74,319,492,92.6
2024-03-07,260.2,33.01,76.3,55,349,356,92.4
2024-03-08,268.64,31.83,81.8,55,355,410,89.9
2024-03-09,229.09,27.55,85.0,68,81,366,92.3
2024-03-10,363.12,40.36,87.5,76,122,506,94.2
2024-03-11,320.65,37.2,83.4,71,429,505,90.9
2024-03-12,289.01,31.7,88.3,67,402,357,95.0
2024-03-13,306.08,33.43,79.4,67,327,477,97.1
2024-03-14,350.18,43.34,78.6,69,456,412,87.2
2024-03-15,268.82,31.3,83.7,69,489,408,91.3
2024-03-16,192.61,20.61,85.1,67,62,392,90.7
2024-03-17,382.73,54.26,84.0,66,61,557,94.6
2024-03-18,286.21,31.13,78.0,66,409,377,88.5
2024-03-19,355.86,46.59,84.1,63,263,497,94.0
2024-03-20,349.66,36.8,80.5,65,314,394,97.3
2024-03-21,356.41,44.4,86.5,59,265,394,90.9
2024-03-22,317.01,37.25,85.7,67,401,441,97.8
2024-03-23,349.14,39.7,81.9,63,147,454,98.9
2024-03-24,346.22,42.23,83.2,63,90,310,86.5
2024-03-25,334.0,40.29,81.6,69,346,505,88.3
2024-03-26,226.18,25.3,84.7,76,364,297,98.3
2024-03-27,269.44,30.02,87.8,74,342,414,98.4
2024-03-28,241.63,25.19,82.0,61,280,476,86.4
2024-03-29,220.28,27.11,86.5,65,355,512,85.2
2024-03-30,265.28,28.51,83.4,75,142,401,87.3
2024-03-31,355.44,42.67,82.6,65,97,384,98.9
2024-04-01,328.81,41.41,84.7,69,270,509,87.5
2024-04-02,285.84,34.9,81.9,74,339,471,92.0
2024-04-03,347.02,39.13,83.3,66,485,427,96.9
2024-04-04,222.61,28.74,81.3,72,417,371,85.3
2024-04-05,223.85,25.95,90.8,65,420,367,93.5
2024-04-06,212.9,22.71,85.0,69,73,381,88.9
2024-04-07,309.25,36.23,82.7,74,192,453,97.1
2024-04-08,264.77,33.33,85.4,64,253,391,89.0
2024-04-09,241.98,27.41,84.3,75,409,388,94.6
2024-04-10,310.94,40.04,83.9,73,478,470,94.4
2024-04-11,362.55,40.71,86.3,76,403,384,88.1
2024-04-12,187.36,21.29,86.7,75,468,369,85.5
2024-04-13,350.59,38.4,82.7,81,152,370,90.7
2024-04-14,328.59,41.68,82.4,75,111,450,89.0
2024-04-15,377.3,45.08,83.2,72,476,367,96.3
2024-04-16,382.05,42.1,77.0,75,267,510,96.2
2024-04-17,204.75,23.76,79.2,77,383,329,91.4
2024-04-18,242.06,21.61,87.7,75,286,321,93.5
2024-04-19,384.32,49.11,88.4,75,253,449,93.5
2024-04-20,252.34,29.85,82.5,72,110,500,96.6
2024-04-21,291.37,27.95,84.8,72,176,465,91.0
2024-04-22,353.05,37.22,83.9,69,372,358,88.9
2024-04-23,335.14,38.8,92.0,85,394,380,88.7
2024-04-24,377.18,40.3,85.9,70,261,444,92.5
2024-04-25,373.62,47.8,81.9,73,281,574,91.3
2024-04-26,324.39,40.28,79.2,73,390,396,91.2
2024-04-27,217.58,26.89,77.1,81,115,354,86.3
2024-04-28,374.24,35.16,82.3,76,64,539,95.1
2024-04-29,199.94,22.94,79.1,83,413,403,88.0
2024-04-30,458.38,51.81,76.9,74,461,549,87.8
2024-05-01,380.23,42.0,79.0,79,423,429,90.8
2024-05-02,260.3,30.16,77.4,74,357,412,88.2
2024-05-03,288.08,31.33,85.4,89,418,494,93.2
2024-05-04,198.18,24.21,82.7,72,159,385,90.2
2024-05-05,395.26,50.46,79.8,80,51,527,91.3
2024-05-06,321.71,40.79,83.9,81,447,461,92.5
2024-05-07,321.21,38.1,79.4,80,362,390,87.8
2024-05-08,254.13,35.58,76.3,78,450,414,87.2
2024-05-09,344.74,45.3,83.1,78,456,500,97.3
2024-05-10,358.03,42.6,79.9,79,464,490,91.1
2024-05-11,293.02,33.75,74.8,78,64,428,90.8
2024-05-12,294.65,39.3,77.0,84,80,336,85.5
2024-05-13,253.76,33.01,74.6,90,330,325,92.0
2024-05-14,388.69,41.16,72.7,76,396,389,92.8
2024-05-15,301.15,39.41,79.3,72,343,408,92.8
2024-05-16,384.74,45.57,81.9,79,400,448,94.9
2024-05-17,286.94,31.96,71.6,90,426,354,87.5
2024-05-18,326.29,32.7,77.1,76,91,495,88.5
2024-05-19,332.5,39.01,73.1,88,87,383,96.4
2024-05-20,342.32,41.04,73.2,88,292,381,98.3
2024-05-21,375.22,50.98,72.5,77,358,468,86.9
2024-05-22,264.29,34.24,71.3,83,286,467,92.0
2024-05-23,220.04,25.12,73.6,88,473,504,88.0
2024-05-24,308.71,38.25,70.6,78,336,466,85.8
2024-05-25,326.69,41.9,73.4,79,62,523,89.6
2024-05-26,330.05,39.89,72.1,77,193,384,87.0
2024-05-27,217.27,24.8,71.1,75,411,508,94.9
2024-05-28,270.98,31.08,68.6,77,409,328,92.5
2024-05-29,251.51,31.15,69.2,74,335,388,87.0
2024-05-30,301.47,37.42,72.7,80,268,462,85.1
2024-05-31,326.87,38.27,71.5,76,352,364,96.3
2024-06-01,340.15,31.91,66.7,81,80,403,87.5
2024-06-02,248.05,26.56,69.4,72,143,358,93.5
2024-06-03,248.16,31.32,70.9,82,401,397,89.7
2024-06-04,265.43,26.2,63.2,84,341,490,93.2
2024-06-05,248.92,32.82,69.4,70,304,413,89.4
2024-06-06,350.98,45.75,65.3,82,497,430,86.2
2024-06-07,403.79,48.62,68.5,86,364,330,88.1
2024-06-08,252.44,31.8,64.0,74,188,437,87.6
2024-06-09,373.5,46.79,60.4,88,138,502,91.0
2024-06-10,442.0,52.52,60.5,82,371,405,87.6
2024-06-11,418.35,44.45,65.0,76,257,477,80.8
2024-06-12,273.75,35.5,65.2,79,376,432,79.8
2024-06-13,450.3,60.37,61.2,82,491,541,82.5
2024-06-14,346.69,37.41,65.3,80,346,416,86.7
2024-06-15,284.23,30.1,57.9,82,168,383,88.9
2024-06-16,227.5,26.99,62.2,75,118,381,84.3
2024-06-17,319.7,36.36,58.3,80,347,505,91.6
2024-06-18,211.34,25.67,59.5,72,290,450,93.0
2024-06-19,269.0,35.53,61.0,78,256,420,98.0
2024-06-20,299.57,29.22,57.8,74,439,484,96.6
2024-06-21,355.55,48.29,58.7,75,365,337,89.5
2024-06-22,389.46,45.15,62.4,85,147,508,88.3
2024-06-23,238.37,29.82,57.1,84,190,352,88.7
2024-06-24,388.23,48.99,60.9,81,279,557,92.1
2024-06-25,377.88,48.12,54.4,73,489,411,95.4
2024-06-26,364.03,43.91,58.9,76,328,416,92.0
2024-06-27,218.79,26.9,61.1,84,472,429,85.9
2024-06-28,306.85,37.71,48.9,78,401,469,95.1
2024-06-29,399.54,45.43,53.4,89,95,451,96.3
2024-06-30,295.87,30.3,57.0,79,125,450,89.1
2024-07-01,760.16,81.95,54.1,78,322,642,94.3
2024-07-02,650.56,77.39,55.3,75,490,593,91.0
2024-07-03,772.16,86.58,51.9,77,347,602,97.4
2024-07-04,748.76,83.98,53.5,76,346,638,96.8
2024-07-05,791.11,109.17,52.2,80,335,700,92.4
2024-07-06,673.74,86.64,55.7,81,111,521,94.7
2024-07-07,677.09,79.54,52.4,72,148,542,97.4
2024-07-08,784.0,99.35,52.2,69,388,628,91.9
2024-07-09,620.52,71.85,49.4,66,385,508,89.4
2024-07-10,752.23,91.1,48.7,78,440,524,95.6
2024-07-11,687.88,85.58,48.3,70,458,643,88.1
2024-07-12,663.89,76.89,50.3,64,360,467,90.4
2024-07-13,663.39,75.06,47.3,77,150,558,97.1
2024-07-14,710.54,93.96,49.0,87,182,635,95.1
2024-07-15,633.08,79.86,53.8,74,299,580,90.7
2024-07-16,617.26,60.15,49.7,78,264,541,88.0
2024-07-17,670.4,75.97,45.6,74,336,526,90.0
2024-07-18,607.41,68.14,49.7,73,318,573,89.0
2024-07-19,791.65,90.08,44.4,78,492,580,87.5
2024-07-20,805.41,103.6,39.0,71,87,649,95.4
2024-07-21,693.27,83.33,41.6,74,127,597,88.5
2024-07-22,753.8,79.98,38.5,74,395,622,91.4
2024-07-23,654.09,75.98,42.6,69,285,543,90.4
2024-07-24,741.56,93.0,43.2,77,361,711,98.7
2024-07-25,787.03,92.71,47.7,71,407,646,90.5
2024-07-26,779.28,88.49,43.2,67,372,611,86.1
2024-07-27,722.48,89.09,41.1,74,96,615,86.3
2024-07-28,747.08,101.74,43.8,66,187,573,93.3
2024-07-29,656.18,81.77,34.2,70,470,556,93.4
2024-07-30,786.65,104.63,41.1,70,406,747,90.9
2024-07-31,611.58,69.86,42.3,75,392,519,91.0
2024-08-01,687.89,82.49,35.1,72,405,584,85.8
2024-08-02,722.48,86.49,42.5,69,300,579,92.2
2024-08-03,716.67,86.85,39.7,73,181,548,92.1
2024-08-04,627.11,78.02,37.0,75,65,585,87.1
2024-08-05,809.44,89.69,39.7,71,369,639,86.5
2024-08-06,651.09,82.35,44.2,68,386,619,86.7
2024-08-07,678.65,70.39,37.5,61,307,625,86.4
2024-08-08,687.83,73.35,37.3,62,491,633,93.5
2024-08-09,669.73,94.67,34.8,65,477,535,87.8
2024-08-10,694.52,79.8,33.2,64,152,623,88.5
2024-08-11,687.46,87.51,37.8,65,176,621,87.4
2024-08-12,637.9,87.38,32.4,66,467,517,98.4
2024-08-13,622.27,60.27,34.8,68,283,546,97.0
2024-08-14,689.83,90.55,32.8,65,448,516,88.2
2024-08-15,740.71,93.69,35.3,67,281,643,89.6
2024-08-16,773.75,105.54,34.5,65,449,656,87.9
2024-08-17,603.85,65.33,36.2,54,151,626,91.9
2024-08-18,650.35,87.48,31.2,59,77,562,85.3
2024-08-19,625.4,70.42,31.6,63,486,586,94.4
2024-08-20,616.46,80.48,29.1,57,287,609,92.3
2024-08-21,744.47,89.07,30.4,66,366,573,97.6
2024-08-22,739.36,94.42,32.6,70,495,564,87.3
2024-08-23,640.95,77.23,33.4,68,371,533,96.3
2024-08-24,636.9,64.71,28.0,61,158,550,96.1
2024-08-25,622.33,55.26,33.1,69,160,518,86.8
2024-08-26,741.56,90.54,34.3,62,344,576,90.6
2024-08-27,778.53,91.37,31.2,59,321,669,87.4
2024-08-28,609.31,75.54,35.3,57,301,552,88.6
2024-08-29,670.1,78.72,27.0,59,440,596,88.7
2024-08-30,794.27,111.34,25.4,58,347,603,92.8
2024-08-31,795.96,97.35,23.5,60,184,601,90.8
2024-09-01,330.72,38.21,33.1,60,86,460,98.3
2024-09-02,379.54,46.83,30.3,59,394,471,86.8
2024-09-03,283.13,32.76,28.0,61,466,465,98.6
2024-09-04,271.41,32.82,28.7,64,495,487,88.2
2024-09-05,287.52,31.0,24.3,63,352,394,95.8
2024-09-06,304.09,36.46,34.8,50,457,478,89.7
2024-09-07,280.87,32.36,27.7,44,87,371,87.0
2024-09-08,387.1,42.11,27.4,61,59,572,97.0
2024-09-09,321.07,44.87,29.1,50,489,402,89.3
2024-09-10,289.68,31.62,28.2,55,300,463,94.2
2024-09-11,227.84,27.36,27.2,50,277,350,92.9
2024-09-12,377.69,42.29,24.0,46,463,457,91.6
2024-09-13,201.83,24.82,27.7,58,360,471,91.9
2024-09-14,219.35,23.53,31.7,59,134,360,95.3
2024-09-15,345.37,44.35,30.0,52,112,561,86.2
2024-09-16,325.64,45.71,30.6,41,266,443,94.4
2024-09-17,246.39,27.5,24.2,51,471,460,97.5
2024-09-18,279.23,36.91,22.6,55,362,445,85.8
2024-09-19,314.54,36.54,25.1,46,378,462,87.0
2024-09-20,268.57,36.27,25.6,54,407,349,95.0
2024-09-21,342.95,48.66,28.6,52,125,427,91.1
2024-09-22,355.42,41.82,20.2,55,112,515,90.6
2024-09-23,304.56,31.92,29.8,52,369,418,86.9
2024-09-24,275.7,35.7,24.7,47,422,430,92.1
2024-09-25,230.83,28.22,23.8,57,431,328,86.8
2024-09-26,359.55,44.95,22.0,50,423,430,91.7
2024-09-27,287.11,33.48,20.1,50,284,484,95.7
2024-09-28,266.56,29.63,27.5,46,68,356,88.6
2024-09-29,310.06,40.8,25.2,48,101,473,91.7
2024-09-30,365.78,45.06,21.1,45,451,468,98.9
2024-10-01,244.04,25.76,21.1,49,320,399,94.6
2024-10-02,390.19,49.5,24.0,58,303,455,96.8
2024-10-03,260.22,32.49,30.1,42,489,393,90.8
2024-10-04,201.14,23.48,24.3,40,252,373,95.8
2024-10-05,255.17,34.75,20.6,56,81,462,85.6
2024-10-06,307.84,35.04,24.4,47,126,415,86.7
2024-10-07,240.76,28.48,24.4,44,457,500,87.8
2024-10-08,194.85,24.88,17.2,53,324,406,90.6
2024-10-09,394.27,47.62,25.2,44,254,442,96.8
2024-10-10,343.81,36.5,24.8,56,434,499,89.8
2024-10-11,355.22,43.28,27.6,50,459,486,94.2
2024-10-12,245.27,28.42,31.2,44,134,328,94.9
2024-10-13,238.4,30.65,29.2,57,144,357,93.2
2024-10-14,176.98,21.51,25.1,43,438,378,90.0
2024-10-15,331.79,40.13,22.7,49,442,367,93.1
2024-10-16,370.27,40.55,33.9,47,415,566,89.8
2024-10-17,290.31,34.17,26.5,52,442,470,86.2
2024-10-18,235.75,30.58,26.5,53,461,407,98.9
2024-10-19,333.29,37.41,26.6,45,175,429,86.8
2024-10-20,260.73,31.2,27.4,41,173,387,86.0
2024-10-21,266.87,29.53,26.6,47,372,322,97.3
2024-10-22,348.6,37.71,25.5,41,269,366,89.2
2024-10-23,351.44,41.87,25.7,54,352,549,94.1
2024-10-24,249.23,30.34,27.5,44,352,491,89.6
2024-10-25,214.23,29.98,26.2,42,267,370,90.5
2024-10-26,376.11,43.42,25.9,44,78,509,88.7
2024-10-27,220.77,26.38,28.6,36,178,427,89.8
2024-10-28,182.0,19.56,27.7,38,452,417,90.7
2024-10-29,253.65,31.99,33.2,49,487,343,95.1
2024-10-30,232.9,28.88,21.0,39,268,316,92.2
2024-10-31,317.79,42.86,32.5,37,489,499,98.2
2024-11-01,379.25,49.73,33.2,45,381,366,85.6
2024-11-02,292.43,36.12,23.6,48,185,423,92.0
2024-11-03,277.64,32.01,29.0,46,81,406,93.2
2024-11-04,313.86,38.31,29.2,47,375,416,97.9
2024-11-05,321.03,38.17,26.4,38,449,457,85.7
2024-11-06,382.78,49.58,28.6,34,427,432,93.0
2024-11-07,376.67,48.31,27.9,49,263,484,97.0
2024-11-08,211.07,24.7,36.8,40,268,405,88.4
2024-11-09,362.37,38.19,34.7,40,60,563,97.3
2024-11-10,318.56,42.47,36.1,48,147,371,85.3
2024-11-11,425.21,53.5,34.8,44,308,485,95.3
2024-11-12,309.13,36.11,29.6,43,320,458,98.1
2024-11-13,416.55,52.25,31.7,52,451,467,94.2
2024-11-14,363.61,43.91,35.1,37,482,392,91.1
2024-11-15,242.25,32.26,30.3,45,351,473,85.6
2024-11-16,323.48,32.58,36.5,41,134,459,97.9
2024-11-17,371.03,43.05,34.0,42,98,398,91.6
2024-11-18,394.43,53.64,34.0,48,369,493,85.4
2024-11-19,197.12,24.76,37.7,43,307,477,94.7
2024-11-20,349.04,48.07,37.3,43,410,451,91.7
2024-11-21,254.69,27.45,35.3,46,495,415,86.7
2024-11-22,214.47,28.04,40.2,38,401,477,88.0
2024-11-23,280.62,36.51,33.9,36,120,377,85.9
2024-11-24,215.85,22.27,39.4,35,158,486,93.0
2024-11-25,373.59,43.73,39.8,30,281,511,93.7
2024-11-26,258.27,30.72,37.5,50,472,370,92.1
2024-11-27,385.01,39.97,39.8,34,376,434,96.4
2024-11-28,201.96,23.68,35.5,39,362,368,97.1
2024-11-29,271.45,34.94,42.5,39,396,330,93.6
2024-11-30,229.7,26.67,39.6,42,123,418,85.2
2024-12-01,758.58,92.87,39.1,44,51,573,94.7
2024-12-02,633.24,77.57,44.2,44,421,581,90.9
2024-12-03,805.57,96.57,39.4,37,310,571,92.9
2024-12-04,773.51,87.37,37.8,39,428,669,94.1
2024-12-05,750.83,95.05,37.8,42,456,650,89.9
2024-12-06,735.03,76.54,44.8,39,451,572,97.8
2024-12-07,713.2,85.65,39.6,48,138,616,86.9
2024-12-08,580.19,77.66,49.2,43,167,549,94.4
2024-12-09,745.93,86.17,38.1,44,286,686,85.1
2024-12-10,583.2,65.74,50.0,44,444,495,97.9
2024-12-11,747.9,95.17,46.0,46,318,605,86.6
2024-12-12,808.52,98.34,45.6,41,374,604,86.3
2024-12-13,656.14,83.63,44.7,34,321,578,89.7
2024-12-14,650.37,78.29,48.0,43,143,600,90.2
2024-12-15,767.69,73.79,47.2,38,161,588,88.0
2024-12-16,657.24,86.62,51.1,38,264,558,93.2
2024-12-17,788.45,110.94,48.7,44,437,677,91.2
2024-12-18,620.82,82.47,49.3,47,329,629,85.5
2024-12-19,602.7,51.0,48.3,41,250,579,89.5
2024-12-20,818.88,101.96,49.7,43,378,634,96.3
2024-12-21,723.81,83.48,51.3,50,164,591,94.7
2024-12-22,751.37,82.02,45.8,43,140,641,95.1
2024-12-23,663.44,80.43,47.3,55,427,590,94.8
2024-12-24,718.37,85.13,54.1,45,266,518,89.4
2024-12-25,712.8,89.16,52.9,33,460,627,86.4
2024-12-26,728.77,87.86,52.4,46,251,562,88.8
2024-12-27,745.03,81.05,53.5,44,312,540,96.6
2024-12-28,697.72,79.7,55.0,49,121,509,98.7
2024-12-29,676.84,76.23,52.9,46,157,573,91.9
2024-12-30,678.05,69.73,52.7,42,275,533,85.1
2024-12-31,765.34,81.34,56.1,37,340,503,87.0
